{
    "Training Performance": {
        "MSE": 0.5158960547157255,
        "RMSE": 0.718259044297895,
        "MAE": 0.5115017890930176,
        "MAPE": 19.002154224897282,
        "Accuracy": 80.99784577510272
    },
    "Testing Performance": {
        "MSE": 0.8745525707428897,
        "RMSE": 0.9351751551142116,
        "MAE": 0.6811340773871185,
        "MAPE": 24.606834860439644,
        "Accuracy": 75.39316513956035
    },
    "Model Name": "GRU_FF_AVG_ANAMBAS_NEW",
    "Bobot": [
        -0.07968132197856903,
        0.01152102928608656,
        -0.06457110494375229,
        0.18825802206993103,
        -0.0617695152759552,
        -0.07789841294288635,
        0.11890262365341187,
        -0.2500287890434265,
        -0.03064568340778351,
        0.09539017081260681,
        -0.05836286023259163,
        -1.666602838668041e-05,
        -0.04146574065089226,
        -0.04997813701629639,
        0.13958796858787537,
        -0.039671819657087326,
        -0.19013182818889618,
        -0.19405661523342133,
        0.19121181964874268,
        0.17676810920238495,
        -0.23891215026378632,
        -0.39327582716941833,
        0.09421111643314362,
        -0.25516560673713684,
        -0.05358513817191124,
        0.04465966299176216,
        0.025874223560094833,
        -0.06956209242343903,
        0.17128854990005493,
        0.02938055992126465,
        0.20658928155899048,
        -0.019173279404640198,
        -0.0029503093101084232,
        0.1217673197388649,
        0.19812767207622528,
        -0.021352335810661316,
        -0.0967411994934082,
        0.14433278143405914,
        0.015846610069274902,
        0.2547438442707062,
        0.0753975361585617,
        -0.09235255420207977,
        -0.11993148922920227,
        0.00361726526170969,
        0.10619436204433441,
        -0.13890914618968964,
        -0.018193185329437256,
        0.04871809482574463,
        -0.16117152571678162,
        -0.10688368231058121,
        -0.03203601762652397,
        0.19791361689567566,
        -0.21420516073703766,
        -0.02837405726313591,
        0.16793668270111084,
        0.2168537825345993,
        -0.11396728456020355,
        -0.13277795910835266,
        -0.10326195508241653,
        0.08168408274650574,
        -0.023427829146385193,
        0.18361671268939972,
        0.037731755524873734,
        0.12364933639764786,
        0.1857217252254486,
        -0.17558839917182922,
        -0.09946905076503754,
        0.18484565615653992,
        -0.1806303858757019,
        0.18617025017738342,
        0.3195659816265106,
        0.08387712389230728,
        0.06034701317548752,
        0.0008895893697626889,
        0.16234782338142395,
        0.28693440556526184,
        -0.010038286447525024,
        -0.09188729524612427,
        -0.054302409291267395,
        0.13289563357830048,
        0.03966395929455757,
        0.06225163862109184,
        -0.12657670676708221,
        -0.12585504353046417,
        -0.13984717428684235,
        0.31806495785713196,
        0.0055482638999819756,
        0.31357094645500183,
        -0.22836169600486755,
        -0.19150212407112122
    ],
    "Bias": [
        0.0,
        0.02803700603544712,
        0.03141292557120323,
        -0.08289634436368942,
        -0.13008221983909607,
        0.0,
        5.07092299812939e-05,
        -0.009454309940338135,
        0.0,
        0.15319378674030304,
        -0.17834380269050598,
        0.04875490441918373,
        -0.03654623031616211,
        0.0115243811160326,
        0.03161904215812683,
        -0.2254069298505783,
        0.0,
        -8.759514457779005e-06,
        0.0,
        0.029551221057772636,
        -0.02859061397612095,
        -0.08502498269081116,
        -0.0001769731898093596,
        -0.4479394555091858,
        0.002126018051058054,
        -0.05261419713497162,
        -0.00042851734906435013,
        -0.16049903631210327,
        -0.02258872613310814,
        0.001473544049076736,
        0.0,
        0.07677982747554779,
        -0.011058653704822063,
        0.029636353254318237,
        0.009328448213636875,
        0.0,
        -5.0663191359490156e-05,
        0.040831468999385834,
        0.0,
        -0.02830515429377556,
        -0.03488774597644806,
        0.028644299134612083,
        0.037504591047763824,
        -0.01117433700710535,
        0.06930213421583176,
        -0.006746513303369284,
        0.0,
        -9.696868801256642e-06,
        0.0,
        0.057893164455890656,
        0.04535696282982826,
        0.0319710448384285,
        -0.000162819167599082,
        0.02455262653529644,
        -0.005129390861839056,
        0.032292015850543976,
        -0.019396929070353508,
        -0.01323687843978405,
        0.027940936386585236,
        -0.0014642354799434543,
        0.0,
        -0.045344021171331406,
        0.002208125311881304,
        -0.025356432422995567,
        0.03343963995575905,
        0.0,
        -0.005122558679431677,
        -0.03261261433362961,
        0.0,
        -0.034830883145332336,
        0.009296822361648083,
        -0.02291054278612137,
        0.03419923409819603,
        -0.013591388240456581,
        -0.04443586990237236,
        0.03265858069062233,
        0.0,
        -0.01110120676457882,
        0.0,
        -0.03815634548664093,
        0.03606121987104416,
        0.03407452255487442,
        -0.005219059996306896,
        0.045897241681814194,
        -0.01040105801075697,
        0.03312135115265846,
        -0.022115593776106834,
        0.03516199812293053,
        0.0327354371547699,
        -0.005641057156026363
    ]
}