{
    "Training Performance": {
        "MSE": 3.7540842123437215,
        "RMSE": 1.937545925221831,
        "MAE": 1.2493036686186771,
        "MAPE": 26.965927871905777,
        "Accuracy": 73.03407212809422
    },
    "Testing Performance": {
        "MSE": 5.2007837695210055,
        "RMSE": 2.2805226965590597,
        "MAE": 1.6216122294784685,
        "MAPE": 33.206694793150795,
        "Accuracy": 66.7933052068492
    },
    "Model Name": "GRU_FF_X_ANAMBAS",
    "Bobot": [
        0.10671895742416382,
        0.17828980088233948,
        -0.6528174877166748,
        0.05490099638700485,
        0.15346264839172363,
        0.07163645327091217,
        0.3423343896865845,
        0.23820561170578003,
        0.13010263442993164,
        -0.08081120252609253,
        0.08089863508939743,
        -0.4508811831474304,
        0.12836310267448425,
        -0.09757398068904877,
        0.08913567662239075,
        -0.40739378333091736,
        0.3503747284412384,
        -0.188236266374588,
        -0.08839807659387589,
        -0.2264704555273056,
        0.1872667670249939,
        -0.15241330862045288,
        -0.45097893476486206,
        0.042868200689554214,
        0.23604199290275574,
        -0.17322300374507904,
        -0.5168038606643677,
        -0.09348485618829727,
        0.10576966404914856,
        0.09928207099437714,
        -0.0029022630769759417,
        0.17321819067001343,
        -0.16437436640262604,
        -0.08727847039699554,
        0.18556059896945953,
        -0.2736380398273468,
        -0.09664788097143173,
        -0.12059048563241959,
        0.07933580875396729,
        0.20563098788261414,
        0.328107625246048,
        0.07010512053966522,
        -0.17721986770629883,
        0.019921869039535522,
        0.052392538636922836,
        -0.3295632600784302,
        0.17829377949237823,
        0.21912923455238342,
        0.2013878971338272,
        -0.15305592119693756,
        0.053134456276893616,
        -0.22745001316070557,
        0.10753446817398071,
        0.10652033239603043,
        -0.09781084954738617,
        0.13556209206581116,
        0.065517358481884,
        0.19191601872444153,
        -0.18832924962043762,
        0.08664243668317795,
        0.18365943431854248,
        -0.14597684144973755,
        -0.24388904869556427,
        0.1924688071012497,
        0.19255566596984863,
        -0.26022329926490784,
        0.14191937446594238,
        0.27490755915641785,
        -0.1850510984659195,
        0.06921204924583435,
        0.1832118183374405,
        0.25877779722213745,
        -0.087738037109375,
        -0.08091956377029419,
        -0.13185589015483856,
        0.29643940925598145,
        0.27317696809768677,
        -0.06597638130187988,
        0.06135716289281845,
        -0.014374705962836742,
        0.022322705015540123,
        0.008877544663846493,
        0.2542932629585266,
        -0.10066559910774231,
        -0.2536228597164154,
        0.27133259177207947,
        0.29158011078834534,
        -0.22803401947021484,
        -0.17667648196220398,
        -0.15775135159492493
    ],
    "Bias": [
        -0.0865941271185875,
        0.0,
        -0.6511814594268799,
        -0.041520558297634125,
        -0.13333666324615479,
        -0.03668546676635742,
        -0.07647845894098282,
        -0.04992431402206421,
        0.0,
        -0.03922482207417488,
        -0.10184264928102493,
        -0.06778141111135483,
        0.0,
        0.0,
        0.010107448324561119,
        -0.22211450338363647,
        -0.07226325571537018,
        -0.0006717935902997851,
        -0.04197767376899719,
        0.007949217222630978,
        0.11612914502620697,
        -0.0022517687175422907,
        -0.10747609287500381,
        0.06073322892189026,
        0.0,
        -0.14189283549785614,
        -0.22657495737075806,
        -9.354514622827992e-05,
        0.0,
        -0.0011415521148592234,
        0.018255779519677162,
        0.0,
        0.025826601311564445,
        0.002489966107532382,
        -0.034336112439632416,
        -0.006322463508695364,
        0.010593920014798641,
        -0.009448874741792679,
        0.0,
        0.00115354941226542,
        0.01328891608864069,
        0.028356928378343582,
        0.0,
        0.0,
        -0.01000345777720213,
        -0.0019121493678539991,
        0.01647842675447464,
        -0.00069163937587291,
        0.01033837627619505,
        -0.008600691333413124,
        0.010933437384665012,
        0.0025047501549124718,
        0.038500674068927765,
        -0.006538372486829758,
        0.0,
        0.02878178097307682,
        0.10359694063663483,
        -3.606994869187474e-05,
        0.0,
        -0.0037248863372951746,
        0.020481299608945847,
        0.0,
        0.011321863159537315,
        0.008933992125093937,
        0.019082453101873398,
        0.0037356524262577295,
        0.020685259252786636,
        0.009876466356217861,
        0.0,
        0.019655441865324974,
        0.019668519496917725,
        -0.03695271164178848,
        0.0,
        0.0,
        -0.010256180539727211,
        -0.03483352065086365,
        0.018538232892751694,
        -0.00553305447101593,
        0.01921577751636505,
        -0.010988152585923672,
        0.0010820383904501796,
        -0.006622960325330496,
        -0.03617234528064728,
        -0.0039670513942837715,
        0.0,
        -0.03560972586274147,
        -0.05862955376505852,
        -0.005105141084641218,
        0.0,
        -0.004170401953160763
    ]
}