{
    "MSE": 3.9213736070808056,
    "RMSE": 1.9802458451113603,
    "MAE": 1.4678036039525812,
    "MAPE": 25.010920259347202,
    "AKURASI": 74.9890797406528,
    "model_name": "GRU_FF_X_TGPINANG"
}