{
    "Training Performance": {
        "MSE": 2.8981125733922584,
        "RMSE": 1.7023843788616773,
        "MAE": 1.255943376866598,
        "MAPE": 22.675148587943557,
        "Accuracy": 77.32485141205645
    },
    "Testing Performance": {
        "MSE": 3.745062665052678,
        "RMSE": 1.9352164388131572,
        "MAE": 1.4140244011485248,
        "MAPE": 24.26220974391788,
        "Accuracy": 75.73779025608212
    },
    "Model Name": "GRU_FF_X_TGPINANG",
    "Bobot": [
        -0.2234683781862259,
        -0.1777464598417282,
        0.19360502064228058,
        0.03041760064661503,
        -0.28900474309921265,
        -0.047918472439050674,
        0.03930302709341049,
        -0.2847849130630493,
        0.12555421888828278,
        -0.04123995080590248,
        0.007742166519165039,
        -0.35118868947029114,
        -0.8983685970306396,
        -0.22567175328731537,
        0.159846693277359,
        0.1706237494945526,
        -0.06529034674167633,
        -0.3185983896255493,
        -0.49904289841651917,
        0.24178841710090637,
        0.2602991759777069,
        -0.07382063567638397,
        -0.2419401854276657,
        0.02705536037683487,
        0.40782275795936584,
        0.1268090456724167,
        -0.19343243539333344,
        -0.08945173025131226,
        0.10424968600273132,
        0.32823753356933594,
        -0.22802110016345978,
        -0.03131391108036041,
        0.08103474974632263,
        0.08124537020921707,
        -0.07414664328098297,
        0.2944068908691406,
        0.0272396057844162,
        0.26504045724868774,
        -0.1839473992586136,
        0.17389322817325592,
        0.005091637372970581,
        0.05343756079673767,
        -0.08963032066822052,
        0.10332485288381577,
        0.10553205013275146,
        0.005446044262498617,
        0.22990038990974426,
        -0.1362297087907791,
        0.06351806223392487,
        0.16170355677604675,
        0.010209845378994942,
        0.18489141762256622,
        -0.043126657605171204,
        0.26504358649253845,
        0.33463990688323975,
        -0.08084868639707565,
        0.17063772678375244,
        0.11058647930622101,
        -0.2136515974998474,
        -0.08065056800842285,
        0.1907382309436798,
        -0.2555798888206482,
        -0.1862890124320984,
        0.12207254022359848,
        -0.23184826970100403,
        0.10713156312704086,
        0.2906697690486908,
        0.35760489106178284,
        -0.12239217013120651,
        -0.09275045245885849,
        -0.016665011644363403,
        0.2138451635837555,
        0.4079439043998718,
        0.03503106161952019,
        -0.20890097320079803,
        0.1942698210477829,
        -0.16852623224258423,
        -0.13830167055130005,
        0.18999117612838745,
        0.03616124391555786,
        0.17286260426044464,
        0.10567811131477356,
        -0.02860124409198761,
        0.03129298612475395,
        0.2918103039264679,
        0.10949165374040604,
        -0.2608572840690613,
        -0.2885276675224304,
        -0.1741117238998413,
        0.14508110284805298
    ],
    "Bias": [
        -0.2509346902370453,
        0.0016058345790952444,
        -0.4136520028114319,
        0.029286367818713188,
        -0.1291254311800003,
        0.0052995989099144936,
        -0.08757304400205612,
        -0.1792832463979721,
        0.021980343386530876,
        0.0010977190686389804,
        0.0,
        -0.32218870520591736,
        -0.46204185485839844,
        0.033343322575092316,
        0.0035481485538184643,
        0.05190591514110565,
        0.02612978219985962,
        -0.17368875443935394,
        -0.492923766374588,
        0.1241505965590477,
        0.09875119477510452,
        0.02280840277671814,
        0.0,
        -0.011017930693924427,
        0.04189443588256836,
        -0.03464863449335098,
        -0.05052097886800766,
        0.003238603938370943,
        0.0,
        0.058465875685214996,
        0.08891165256500244,
        -0.0012524345656856894,
        0.1069541797041893,
        0.03437262773513794,
        -0.00211920915171504,
        0.0012553994311019778,
        1.5506870113313198e-05,
        0.0025878259912133217,
        -0.01616550050675869,
        -0.007948635146021843,
        0.0,
        0.09012378007173538,
        0.14715175330638885,
        0.028927747160196304,
        -0.009103059768676758,
        0.03961017355322838,
        -0.0058898585848510265,
        0.01191523764282465,
        0.12825950980186462,
        -0.013625537976622581,
        0.008030213415622711,
        0.03357674553990364,
        0.0,
        0.03141745924949646,
        0.005993489641696215,
        0.04566998779773712,
        0.016186606138944626,
        0.003972122445702553,
        0.0,
        -0.06829733401536942,
        -0.023747939616441727,
        -0.004901444539427757,
        -0.02107514813542366,
        0.0168765839189291,
        0.02685604989528656,
        0.01695539616048336,
        0.010329055599868298,
        0.0029088309966027737,
        -0.019859852269291878,
        -0.00981583259999752,
        0.0,
        -0.015943989157676697,
        0.0008087693131528795,
        0.001137012499384582,
        -0.012593524530529976,
        0.017421778291463852,
        0.01019868440926075,
        0.026295309886336327,
        -0.011753554455935955,
        0.01949567347764969,
        0.0171403456479311,
        0.01803874969482422,
        0.0,
        0.0180191807448864,
        0.016694292426109314,
        0.011463137343525887,
        -0.003098082495853305,
        0.027821367606520653,
        0.0,
        0.01890828087925911
    ]
}