{
    "MSE": 0.9254276331767906,
    "RMSE": 0.961991493297519,
    "MAE": 0.7057001959193837,
    "MAPE": 25.574442756124395,
    "AKURASI": 74.4255572438756,
    "model_name": "GRU_FF_AVG_ANAMBAS_NEW"
}