{
    "MSE": 0.5431084289437448,
    "RMSE": 0.7369589058717892,
    "MAE": 0.5349711656570435,
    "MAPE": 35.64102786960024,
    "AKURASI": 64.35897213039976,
    "model_name": "GRU_FF_AVG_TGPINANG"
}