{
    "MSE": 0.93879912712818,
    "RMSE": 0.9689164706661664,
    "MAE": 0.6988923029466109,
    "MAPE": 24.931053453709666,
    "AKURASI": 75.06894654629033,
    "model_name": "GRU_FF_AVG_ANAMBAS1"
}