{
    "MSE": 5.4651239096913615,
    "RMSE": 2.3377604474563602,
    "MAE": 1.6462050871415572,
    "MAPE": 33.0522592025243,
    "AKURASI": 66.9477407974757,
    "model_name": "GRU_FF_X_ANAMBAS"
}