{
  "Training Performance": {
    "MSE": 3.750278581315517,
    "RMSE": 1.93656360115425,
    "MAE": 1.2419734238628373,
    "MAPE": 26.55177228356333,
    "Accuracy": 73.44822771643666
  },
  "Testing Performance": {
    "MSE": 5.212469653628168,
    "RMSE": 2.2830833654573737,
    "MAE": 1.6137058034949345,
    "MAPE": 32.82177581947873,
    "Accuracy": 67.17822418052127
  },
  "Model Name": "GRU_FF_X_ANAMBAS",
  "Bobot": [
    -0.18313780426979065, 0.10862810164690018, 0.13935524225234985,
    0.03194224461913109, -0.5049757361412048, 0.2625598907470703,
    -0.11164931952953339, -0.05886775627732277, 0.08997678011655807,
    0.389215350151062, 0.28956422209739685, -0.037195220589637756,
    -0.07013881206512451, -0.4301552176475525, 0.20784488320350647,
    -0.46251180768013, -0.20905181765556335, -0.4072086811065674,
    0.11316774040460587, -0.016479330137372017, -0.3139472007751465,
    -0.13539983332157135, 0.1436086744070053, -0.32964158058166504,
    0.0035829562693834305, -0.07155532389879227, 0.00538440328091383,
    -0.03243396803736687, 0.37328776717185974, -0.3271529972553253,
    -0.16925804316997528, 0.06590356677770615, -0.12094664573669434,
    0.0776742622256279, -0.3374622166156769, -0.04340864345431328,
    0.24705162644386292, 0.03665595129132271, -0.1035720705986023,
    -0.11755434423685074, -0.01604139618575573, 0.08148720860481262,
    -0.2209545075893402, -0.29244545102119446, -0.04509413242340088,
    -0.31120914220809937, 0.22891655564308167, -0.18494953215122223,
    0.27328625321388245, -0.006227291189134121, -0.3644651174545288,
    -0.15429429709911346, 0.03621377795934677, -0.29958078265190125,
    -0.2766216993331909, -0.08750636130571365, -0.030696766451001167,
    0.08095446228981018, 0.21840858459472656, 0.006359756924211979,
    -0.10974579304456711, 0.27330857515335083, -0.10318052023649216,
    0.24851933121681213, 0.20456759631633759, 0.31080326437950134,
    -0.24673813581466675, -0.16484588384628296, 0.14017434418201447,
    0.280780553817749, 0.14311742782592773, -0.1782028079032898,
    -0.152354896068573, 0.15020696818828583, 0.06464084982872009,
    0.11850951611995697, -0.21783453226089478, -0.27609533071517944,
    0.17890146374702454, -0.0205689687281847, 0.1408068984746933,
    0.24212367832660675, 0.09483685344457626, 0.22347374260425568,
    0.27467623353004456, 0.05486803129315376, 0.14912758767604828,
    -0.2523815333843231, 0.2237594574689865, 0.22028568387031555
  ],
  "Bias": [
    0.01839970238506794, -0.07584046572446823, 0.018489301204681396,
    -0.09552587568759918, -0.1297437697649002, -0.06965997815132141, 0.0,
    -0.006405238062143326, -0.07261108607053757, -0.09291068464517593,
    -0.012545252218842506, 0.0, 0.0, -0.2961209714412689, 0.01811549812555313,
    -0.21137788891792297, 0.0, -0.6538158059120178, -0.045736607164144516,
    0.20712587237358093, -0.18825869262218475, -0.12813515961170197,
    -0.011515257880091667, -0.13018597662448883, -0.039115943014621735,
    -0.002981731668114662, 0.08108040690422058, -0.00042774525354616344,
    -0.056087154895067215, -0.2922348976135254, -0.00437952158972621,
    -0.030637849122285843, -0.008562960661947727, 0.016829000785946846,
    0.028012262657284737, 0.0055681997910141945, 0.0, -0.00275514367967844,
    -0.046192169189453125, -0.009159672074019909, 0.01094976905733347, 0.0, 0.0,
    0.012044114992022514, -0.06535810232162476, 0.018845444545149803, 0.0,
    0.006494615692645311, -0.012349016964435577, 0.0025988309644162655,
    0.026096658781170845, 0.02103714644908905, 0.009755534119904041,
    -0.003593320958316326, -0.06763755530118942, -0.017760787159204483,
    0.018371155485510826, -0.00019227361190132797, 0.009986900724470615,
    0.012728582136332989, -0.00010279837442794815, 0.015010247938334942,
    -0.004129474516957998, 0.01926509290933609, -0.03144804388284683,
    0.02046399749815464, 0.0, -0.000646702537778765, 0.016621138900518417,
    0.013263897970318794, 0.017156215384602547, 0.0, 0.0, -0.030056171119213104,
    0.027861302718520164, -0.028904307633638382, 0.0, 0.013997742906212807,
    0.020213428884744644, 0.012639054097235203, -0.030456053093075752,
    -0.03195527568459511, 0.013647015206515789, -0.040039293467998505,
    0.002199446316808462, 0.020020635798573494, -0.02873956225812435,
    -0.005123084411025047, 0.018044225871562958, -0.019643519073724747
  ]
}
