{
    "Training Performance": {
        "MSE": 0.41169905662388023,
        "RMSE": 0.641637792390598,
        "MAE": 0.5231777633803775,
        "MAPE": 30.138005258869207,
        "Accuracy": 69.86199474113079
    },
    "Testing Performance": {
        "MSE": 0.4624314055418124,
        "RMSE": 0.6800230919180704,
        "MAE": 0.5181379580716474,
        "MAPE": 32.6780097601246,
        "Accuracy": 67.32199023987539
    },
    "Model Name": "GRU_FF_AVG_TGPINANG",
    "Bobot": [
        -0.20103488862514496,
        -0.013990855775773525,
        -0.05838170647621155,
        -0.2041924148797989,
        -0.19493114948272705,
        0.15183939039707184,
        -0.13296233117580414,
        -0.0686814934015274,
        0.022801801562309265,
        0.11927517503499985,
        -0.17464560270309448,
        0.19587202370166779,
        0.03745175153017044,
        -0.07707663625478745,
        0.10100160539150238,
        0.008856947533786297,
        0.06556881964206696,
        -0.0036218937020748854,
        -0.13006272912025452,
        0.15553344786167145,
        -0.22424669563770294,
        0.052829232066869736,
        0.026903444901108742,
        0.0598294734954834,
        -0.09538459032773972,
        -0.2271433025598526,
        -0.035927992314100266,
        -0.2606644332408905,
        -0.16582439839839935,
        -0.2517763376235962,
        0.20479775965213776,
        0.24326948821544647,
        0.14240984618663788,
        0.2210027575492859,
        0.15539942681789398,
        0.05949565768241882,
        -0.13107213377952576,
        -0.05929909273982048,
        0.00138130784034729,
        0.25147736072540283,
        0.010840808972716331,
        -0.0817723274230957,
        0.11854950338602066,
        -0.059312887489795685,
        -0.09059400856494904,
        0.24838918447494507,
        0.12410204857587814,
        -0.11099188029766083,
        0.1774718165397644,
        0.18127687275409698,
        0.24682661890983582,
        -0.1952921599149704,
        -0.05499900504946709,
        -0.12674856185913086,
        -0.2589961588382721,
        0.03865913674235344,
        -0.08671727776527405,
        -0.031324971467256546,
        0.036193788051605225,
        0.07805219292640686,
        0.2110336869955063,
        0.1879340261220932,
        0.20307543873786926,
        0.09660431742668152,
        -0.014919651672244072,
        -0.17454802989959717,
        -0.28111904859542847,
        0.10015825927257538,
        -0.14610816538333893,
        0.18645653128623962,
        0.3187461495399475,
        -0.21949973702430725,
        0.28419774770736694,
        -0.2841498553752899,
        0.16145636141300201,
        0.10769356787204742,
        -0.09790179133415222,
        0.05430233106017113,
        0.10419705510139465,
        0.24517449736595154,
        0.1482517570257187,
        -0.12223610281944275,
        0.00027444830629974604,
        0.2504419982433319,
        -0.3362943232059479,
        0.1218889057636261,
        0.14285162091255188,
        0.36017146706581116,
        -0.07935605943202972,
        0.20860779285430908
    ],
    "Bias": [
        -0.15914568305015564,
        -0.0979851484298706,
        -0.022097118198871613,
        0.04422573372721672,
        -0.061763882637023926,
        0.00241309916600585,
        -0.1734638661146164,
        -0.12286783754825592,
        1.307479237766529e-06,
        0.05696619674563408,
        -0.10963084548711777,
        0.018031060695648193,
        -0.11106044054031372,
        -0.14994105696678162,
        0.025127297267317772,
        -0.11785423755645752,
        -0.028500083833932877,
        -0.08715497702360153,
        -0.10695663094520569,
        -0.02847752720117569,
        -0.13054317235946655,
        -0.03461629897356033,
        -0.10513289272785187,
        -0.12912724912166595,
        -0.1625114232301712,
        -0.03225037828087807,
        0.025588437914848328,
        -0.10237090289592743,
        0.0014793922891840339,
        -0.12855854630470276,
        0.042067527770996094,
        0.030603712424635887,
        -0.034397535026073456,
        0.020731085911393166,
        0.053353071212768555,
        -0.001501280814409256,
        0.4606839716434479,
        0.08648402243852615,
        -0.00019799968868028373,
        0.04142018035054207,
        0.08038777858018875,
        -0.006208067759871483,
        -0.00824236124753952,
        0.07496102154254913,
        0.1088578924536705,
        0.06170719861984253,
        0.03267182409763336,
        0.04215288907289505,
        -0.03559398651123047,
        0.03481016308069229,
        -0.008554639294743538,
        0.03304162248969078,
        0.08927416801452637,
        0.055287059396505356,
        0.05609051510691643,
        -0.029798559844493866,
        0.05019751563668251,
        -0.05737623572349548,
        -0.0015105794882401824,
        0.05692259594798088,
        0.007899854332208633,
        0.018037160858511925,
        -0.010773190297186375,
        -0.015369757078588009,
        0.01352168619632721,
        -0.007375543005764484,
        0.0434294268488884,
        0.01079575251787901,
        -0.015250102616846561,
        -0.03003234602510929,
        0.020412912592291832,
        -0.004428688902407885,
        0.015619277022778988,
        0.06477762013673782,
        -0.04682786017656326,
        0.01461492944508791,
        0.01158303115516901,
        0.019924631342291832,
        0.021459318697452545,
        -0.002122866455465555,
        0.019210293889045715,
        0.023544445633888245,
        0.015295890159904957,
        0.014227379113435745,
        0.07291899621486664,
        -0.023069258779287338,
        -0.03537255525588989,
        0.009838850237429142,
        -0.00599604332819581,
        0.018506698310375214
    ]
}