{
    "Training Performance": {
        "MSE": 0.4210872323115354,
        "RMSE": 0.6489123456303905,
        "MAE": 0.5284796644491978,
        "MAPE": 31.564852599287097,
        "Accuracy": 68.4351474007129
    },
    "Testing Performance": {
        "MSE": 0.4749150073425191,
        "RMSE": 0.6891407746915859,
        "MAE": 0.5187881014762669,
        "MAPE": 34.117707498941215,
        "Accuracy": 65.88229250105879
    },
    "Model Name": "GRU_FF_AVG_TGPINANG",
    "Bobot": [
        -0.022681821137666702,
        -0.21128810942173004,
        -0.13886915147304535,
        0.21289479732513428,
        -0.08043458312749863,
        0.15842564404010773,
        0.1503734290599823,
        0.28991788625717163,
        0.14048464596271515,
        -0.2272479087114334,
        -0.2158384919166565,
        -0.1051560491323471,
        0.28314903378486633,
        -0.26503947377204895,
        -0.24697935581207275,
        -0.26762914657592773,
        -0.27352991700172424,
        -0.19584904611110687,
        -0.42574042081832886,
        -0.06390641629695892,
        -0.1453743427991867,
        0.07792956382036209,
        0.19884376227855682,
        -0.0890430212020874,
        -0.4487152695655823,
        0.18354558944702148,
        0.21562616527080536,
        0.05684848129749298,
        0.1623860001564026,
        -0.041579823940992355,
        0.014073779806494713,
        -0.21402975916862488,
        -0.2066984474658966,
        -0.09771938621997833,
        0.16880974173545837,
        0.23050381243228912,
        -0.08853812515735626,
        0.1668461263179779,
        -0.13831856846809387,
        0.07669109106063843,
        0.030006425455212593,
        -0.06297633051872253,
        0.341381311416626,
        0.14493273198604584,
        0.1349162459373474,
        0.3131246566772461,
        0.09097351878881454,
        0.3767174482345581,
        0.28970101475715637,
        -0.39592739939689636,
        0.1877458393573761,
        0.0735023021697998,
        0.14349772036075592,
        0.079648956656456,
        0.4717320203781128,
        -0.15100431442260742,
        0.14972898364067078,
        -0.1400788277387619,
        0.201139435172081,
        0.18580758571624756,
        0.23290321230888367,
        -0.16276539862155914,
        -0.07935373485088348,
        -0.08842878043651581,
        -0.24705593287944794,
        0.0024329889565706253,
        -0.020656511187553406,
        0.1475110650062561,
        -0.2250930517911911,
        -0.21240432560443878,
        0.05952855572104454,
        0.19547750055789948,
        0.1803903728723526,
        0.14451701939105988,
        -0.2250763475894928,
        0.11962251365184784,
        0.012047052383422852,
        0.2832679748535156,
        0.09998703747987747,
        -0.2899506688117981,
        -0.10652808845043182,
        -0.03429687023162842,
        0.1970502883195877,
        0.03468361124396324,
        0.27735474705696106,
        -0.18379546701908112,
        -0.11458414793014526,
        -0.24937428534030914,
        0.10600758343935013,
        -0.08338215947151184
    ],
    "Bias": [
        -0.2153773158788681,
        0.00045625638449564576,
        -0.00021764093253295869,
        0.0015422860160470009,
        0.032925136387348175,
        -0.0034252717159688473,
        0.0,
        0.03696517273783684,
        -0.00035868631675839424,
        0.054700303822755814,
        0.025036312639713287,
        -0.2518496513366699,
        0.032456595450639725,
        -0.18844658136367798,
        0.00024231975839938968,
        -0.177549809217453,
        -0.039588674902915955,
        -0.21886377036571503,
        -0.14473223686218262,
        -0.346231073141098,
        0.05220961198210716,
        0.0009569671237841249,
        0.02720010280609131,
        -0.10505686700344086,
        -0.28975948691368103,
        0.02990417182445526,
        0.0017795427702367306,
        0.040403224527835846,
        0.015156419016420841,
        0.0027339099906384945,
        0.03784364089369774,
        -0.002317765261977911,
        -0.00024758116342127323,
        -0.0032929687295109034,
        -0.0007618835079483688,
        0.008756411261856556,
        0.0,
        0.04195947200059891,
        -0.0017874519107863307,
        -0.01031026802957058,
        0.014400875195860863,
        -0.09041744470596313,
        0.07903901487588882,
        0.010466699488461018,
        -0.007302552927285433,
        0.047459471970796585,
        0.01661176234483719,
        0.03061538375914097,
        0.05002490058541298,
        0.1107788011431694,
        0.007140179630368948,
        -0.001420934684574604,
        0.09405608475208282,
        0.061027295887470245,
        -0.017270809039473534,
        0.020042892545461655,
        -0.011664173565804958,
        -0.013424224220216274,
        0.04319492727518082,
        -0.01034205686300993,
        0.02144767716526985,
        -0.006003022659569979,
        -0.005555250681936741,
        -0.006003436166793108,
        -0.005716811865568161,
        -0.008083394728600979,
        0.0,
        -0.048016440123319626,
        -0.008060391992330551,
        -0.017663074657320976,
        -0.029512453824281693,
        0.024544842541217804,
        -0.04655331373214722,
        0.02032296545803547,
        -0.01006785687059164,
        0.019683275371789932,
        -0.014873960055410862,
        0.020831195637583733,
        0.03015436790883541,
        0.1059020459651947,
        -0.0013284024316817522,
        -0.006001923233270645,
        -0.05024983733892441,
        0.020909085869789124,
        0.028684034943580627,
        -0.0015792421763762832,
        -0.008682424202561378,
        -0.011443503201007843,
        -0.0319674089550972,
        -0.011176807805895805
    ]
}